Workbook

Sheet Sheet1
A1: Product1 | B1: Product2 | C1: Product3 | D1: Product4 | E1: Product5
A2: 1000 | B2: 101 | C2: 102 | D2: 103 | E2: 104
A3: 101 | B3: 102 | C3: 103 | D3: 104 | E3: 105
A4: 102 | B4: 103 | C4: 104 | D4: 105 | E4: 106
A5: 103 | B5: 104 | C5: 105 | D5: 106 | E5: 107
A6: 104 | B6: 105 | C6: 106 | D6: 107 | E6: 108
A7: 105 | B7: 106 | C7: 107 | D7: 108 | E7: 109
A9: USE PROOFING TO ADD ABBREVIATIONS BS=Bala Santhosh
A10: Bala Santhosh
A12: YouTube | B12: 100
A13: Instagram | B13: 170
A14: Facebook | B14: 50
A17: Product5 | B17: Product4 | C17: Product3 | D17: Product2 | E17: Product1
A18: 104 | B18: 103 | C18: 102 | D18: 101 | E18: 100 | F18: 1
A19: 105 | B19: 104 | C19: 103 | D19: 102 | E19: 101
A20: 106 | B20: 105 | C20: 104 | D20: 103 | E20: 102
A21: 107 | B21: 106 | C21: 105 | D21: 104 | E21: 103
A22: 108 | B22: 107 | C22: 106 | D22: 105 | E22: 104
A23: 109 | B23: 108 | C23: 107 | D23: 106 | E23: 105
A25: Learnt Excel functions
A26: combine sheets using consolidate | L26: Monday | M26: Mon
A27: Automatic abbreviate using proofing | L27: Tuesday | M27: Tue
A28: people graph using add-ins and people graph | L28: Wednesday | M28: Wed
A29: sort columns | L29: Thursday | M29: Thu
A30: 3d reference using shift key | J30: 700 | L30: Friday | M30: Fri
A31: data types - stocks and geography | J31: 200 | L31: Saturday | M31: Sat
A32: repeat header in printed page using (print titles) | J32: =SUM(J30:J31) -> 900 | L32: Sunday | M32: Sun
A33: import data from web
A34: advanced filter option to filter for specific
A35: goal seek to get the answer u want by changing the particular cell
A36: flash cell - ctrl+e for fill in specific pattern
A37: select and delete blank spaces using go to and blank
A38: Camera - to capture and paste specified cells
A39: subtotal function
A40: format painter used to change the other formats using one
A41: spell check
A42: lock excel files
A43: custom tabs
A44: start up files
... A50: convert number into percentage

Sheet Sheet2
A1: Product1 | B1: Product2 | C1: Product3 | D1: Product4 | E1: Product5
A2: 100 | B2: 101 | C2: 102 | D2: 103 | E2: 104
A3: 101 | B3: 102 | C3: 103 | D3: 104 | E3: 105
A4: 102 | B4: 103 | C4: 104 | D4: 105 | E4: 106
A5: 103 | B5: 104 | C5: 105 | D5: 106 | E5: 107
A6: 104 | B6: 105 | C6: 106 | D6: 107 | E6: 108
A7: 105 | B7: 106 | C7: 107 | D7: 108 | E7: 109
A9: Company | B9: Stocks
A10: TCS | B10: #VALUE!
A11: Capgemini | B11: #VALUE!
A12: Cognizant | B12: #VALUE!
A15: #VALUE! | B15: {=_FV(A15,"Time zone(s)",TRUE)} -> Greenwich Mean Time | C15: {=_FV(A15,"Population")} -> 8799728
A16: #VALUE! | B16: {=_FV(A16,"Time zone(s)",TRUE)} -> Indian Standard Time | C16: {=_FV(A16,"Population")} -> 1417173173
A17: #VALUE! | B17: {=_FV(A17,"Time zone(s)",TRUE)} -> Samoa Time Zone | C17: {=_FV(A17,"Population")} -> 331893745
B18: Atlantic Time Zone
B19: Central Time Zone
B20: Alaska Time Zone
B21: Mountain Time Zone
B22: Chamorro Time Zone

Sheet Table 3
A1: City[a] | B1: Country | C1: UN 2018 population estimates[b] | D1: City proper[c] | E1: City proper[c]_1 | F1: City proper[c]_2 | G1: City proper[c]_3 | H1: Urban area[8] | I1: Urban area[8]_4 | J1: Urban area[8]_5 | K1: Metropolitan area[d] | L1: Metropolitan area[d]_6 | M1: Metropolitan area[d]_7 | N1: filter by
D2: Definition | E2: Population | F2: Area(km2) | G2: Density(/km2) | H2: Population | I2: Area(km2) | J2: Density(/km2) | K2: Population | L2: Area(km2) | M2: Density(/km2) | N2: china
A3: Tokyo | B3: Japan | C3: 37468000 | D3: Metropolis prefecture | E3: 13,515,271 | F3: 2,191 | G3: 6,169[13] | H3: 37,732,000 | I3: 8,231 | J3: 4,584[e] | K3: 37,274,000 | L3: 13,452 | M3: 2,771[14] | P3: {=_xlfn._xlws.FILTER(A3:N83,B3:B83=N2)} -> Shanghai | Q3: China | R3: 25582000 | S3: Municipality | T3: 24,870,895 | U3: 6,341 | V3: 3,922[17][18] | W3: 24,073,000 | X3: 4,333 | Y3: 5,556[g] | Z3: — | AA3: — | AB3: — | AC3: 0
A4: Delhi | B4: India | C4: 28514000 | D4: Municipal corporation | E4: 16,753,235 | F4: 1,484 | G4: 11,289[15] | H4: 32,226,000 | I4: 2,344 | J4: 13,748[f] | K4: 29,000,000 | L4: 3,483 | M4: 8,326[16] | P4: Beijing | Q4: China | R4: 19618000 | S4: Municipality | T4: 21,893,095 | U4: 16,411 | V4: 1,334[17][18] | W4: 18,522,000 | X4: 4,284 | Y4: 4,324 | Z4: — | AA4: — | AB4: — | AC4: 0
A5: Shanghai | B5: China | C5: 25582000 | D5: Municipality | E5: 24,870,895 | F5: 6,341 | G5: 3,922[17][18] | H5: 24,073,000 | I5: 4,333 | J5: 5,556[g] | K5: — | L5: — | M5: — | P5: Chongqing | Q5: China | R5: 14838000 | S5: Municipality | T5: 32,054,159 | U5: 82,403 | V5: 389[39][18] | W5: 12,135,000 | X5: 1,580 | Y5: 7,680 | Z5: — | AA5: — | AB5: — | AC5: 0
A6: São Paulo | B6: Brazil | C6: 21650000 | D6: Municipality | E6: 12,252,023 | F6: 1,521 | G6: 8,055[19] | H6: 23,086,000 | I6: 3,649 | J6: 6,327[h] | K6: 21,734,682 | L6: 7,947 | M6: 2,735[20] | P6: Tianjin | Q6: China | R6: 13215000 | S6: Municipality | T6: 13,866,009 | U6: 11,920 | V6: 1,163[17][18] | W6: 10,368,000 | X6: 2,813 | Y6: 3,686 | Z6: — | AA6: — | AB6: — | AC6: 0
A7: Mexico City | B7: Mexico | C7: 21581000 | D7: City-state | E7: 9,209,944 | F7: 1,485 | G7: 6,202[21] | H7: 21,804,000 | I7: 2,530 | J7: 8,618 | K7: 21,804,515 | L7: 7,866 | M7: 2,772[22] | P7: Guangzhou | Q7: China | R7: 12638000 | S7: City (sub-provincial) | T7: 18,676,605 | U7: 7,434 | V7: 2,512[17] | W7: 26,940,000 | X7: 4,535 | Y7: 5,940[m] | Z7: — | AA7: — | AB7: — | AC7: 0
A8: Cairo | B8: Egypt | C8: 20076000 | D8: Urban governorate | E8: 10,044,894 | F8: 3,085 | G8: 3,256[23] | H8: 20,296,000 | I8: 2,010 | J8: 10,098 | K8: — | L8: — | M8: — | P8: Shenzhen | Q8: China | R8: 11908000 | S8: City (sub-provincial) | T8: 17,494,398 | U8: 2,050 | V8: 8,534[17] | W8: 17,619,000 | X8: 1,803 | Y8: 9,772 | Z8: — | AA8: — | AB8: — | AC8: 0
A9: Mumbai | B9: India | C9: 19980000 | D9: Municipal corporation | E9: 12,478,447 | F9: 603 | G9: 20,694[24] | H9: 24,973,000 | I9: 976 | J9: 25,587[i] | K9: 23,598,000 | L9: 6,328 | M9: 3,729[25] | P9: Chengdu | Q9: China | R9: 8813000 | S9: City (sub-provincial) | T9: 20,937,757 | U9: 14,378 | V9: 1,456[17] | W9: 20,937,757 | X9: 1,935 | Y9: 10,821 | Z9: — | AA9: — | AB9: — | AC9: 0
A10: Beijing | B10: China | C10: 19618000 | D10: Municipality | E10: 21,893,095 | F10: 16,411 | G10: 1,334[17][18] | H10: 18,522,000 | I10: 4,284 | J10: 4,324 | K10: — | L10: — | M10: — | P10: Nanjing | Q10: China | R10: 8245000 | S10: City (sub-provincial) | T10: 9,314,685 | U10: 6,582 | V10: 1,415[17] | W10: 8,422,000 | X10: 1,614 | Y10: 5,218 | Z10: — | AA10: — | AB10: — | AC10: 0
A11: Dhaka | B11: Bangladesh | C11: 19578000 | D11: Capital city | E11: 10,295,407 | F11: 338 | G11: 30,460[26][27] | H11: 18,627,000 | I11: 619 | J11: 30,092 | K11: 14,543,124[28] | L11: — | M11: — | P11: Wuhan | Q11: China | R11: 8176000 | S11: City (sub-provincial) | T11: 12,447,718 | U11: 8,494 | V11: 1,465[17] | W11: 12,447,718 | X11: 1,722 | Y11: 7,229 | Z11: — | AA11: — | AB11: — | AC11: 0
A12: Osaka | B12: Japan | C12: 19281000 | D12: Designated city | E12: 2,725,006 | F12: 225 | G12: 12,111[13] | H12: 15,126,000 | I12: 3,020 | J12: 5,009[j] | K12: 19,303,000 | L12: 13,228 | M12: 1,459[14] | P12: Xi'an | Q12: China | R12: 7444000 | S12: City (sub-provincial) | T12: 12,183,280 | U12: 10,135 | V12: 1,202[17] | W12: 12,328,000 | X12: 1,826 | Y12: 6,751 | Z12: — | AA12: — | AB12: — | AC12: 0
A13: New York City | B13: United States | C13: 18819000 | D13: City | E13: 8,804,190 | F13: 778 | G13: 11,316[29] | H13: 21,509,000 | I13: 12,093 | J13: 1,779[k] | K13: MSA: 19,557,311; CSA: 23,143,097 [30] | L13: 12,093 | M13: 1,665 | P13: Dongguan | Q13: China | R13: 7360000 | S13: Prefecture-level city | T13: 10,466,625 | U13: 2,465 | V13: 4,246[17] | W13: 10,646,000 | X13: 1,759 | Y13: 6,052 | Z13: — | AA13: — | AB13: — | AC13: 0
A14: Tehran | B14: Iran | C14: 16896000 | D14: Capital city | E14: 9,033,003 | F14: 751 | G14: 12,028[31][32] | H14: 14,148,000 | I14: 1,704 | J14: 8,303 | K14: — | L14: — | M14: — | P14: Hangzhou | Q14: China | R14: 7236000 | S14: City (sub-provincial) | T14: 11,936,010 | U14: 16,596 | V14: 719[17] | W14: 9,523,000 | X14: 1,344 | Y14: 7,086 | Z14: — | AA14: — | AB14: — | AC14: 0
A15: Karachi | B15: Pakistan | C15: 15400000 | D15: Metropolitan city | E15: 20,382,881 | F15: 3,530 | G15: 5,774[33][34] | H15: 15,738,000 | I15: 1,124 | J15: 14,002 | K15: 20,382,000 | L15: 3,780 | M15: 5,392[35][36] | P15: Foshan | Q15: China | R15: 7236000 | S15: Prefecture-level city | T15: 9,498,863 | U15: 3,848 | V15: 2,469[17] | W15: —[o] | X15: — | Y15: — | Z15: — | AA15: — | AB15: — | AC15: 0
... A21: Lagos | B21: Nigeria | C21: 13463000 | D21: Metropolitan city | E21: — | F21: — | G21: — | H21: 16,637,000 | I21: 1,966 | J21: 8,462 | K21: 21,000,000 | L21: 1,171 | M21: 17,933[44] | P21: Jinan | Q21: China | R21: 5052000 | S21: City (sub-provincial) | T21: 9,202,432 | U21: 10,244 | V21: 898[17][18] | W21: 4,017,000 | X21: 932 | Y21: 4,310 | Z21: — | AA21: — | AB21: — | AC21: 0
A22: Rio de Janeiro | B22: Brazil | C22: 13293000 | D22: Municipality | E22: 6,520,000 | F22: 1,221 | G22: 5,340[45] | H22: 12,592,000 | I22: 2,020 | J22: 6,234 | K22: 12,644,321 | L22: 5,327 | M22: 2,374[46]
A23: Tianjin | B23: China | C23: 13215000 | D23: Municipality | E23: 13,866,009 | F23: 11,920 | G23: 1,163[17][18] | H23: 10,368,000 | I23: 2,813 | J23: 3,686 | K23: — | L23: — | M23: —
A24: Kinshasa | B24: DR Congo | C24: 13171000 | D24: City-province | E24: 17,071,000 | F24: 9,965 | G24: 1,713[47] | H24: 12,836,000 | I24: 474 | J24: 27,080 | K24: — | L24: — | M24: —
A25: Guangzhou | B25: China | C25: 12638000 | D25: City (sub-provincial) | E25: 18,676,605 | F25: 7,434 | G25: 2,512[17] | H25: 26,940,000 | I25: 4,535 | J25: 5,940[m] | K25: — | L25: — | M25: —
A26: Los Angeles | B26: United States | C26: 12458000 | D26: City | E26: 3,990,456 | F26: 1,214 | G26: 3,287[29] | H26: 15,204,000 | I26: 6,351 | J26: 2,394 | K26: MSA: 13,291,486; CSA: 18,372,485[48] | L26: 12,559 | M26: 1,058
A27: Moscow | B27: Russia | C27: 12410000 | D27: Federal city | E27: 13,200,000 | F27: 2,511 | G27: 5,257[49][50] | H27: 17,332,000 | I27: 6,154 | J27: 2,816 | K27: 20,004,462[51] | L27: — | M27: —
A28: Shenzhen | B28: China | C28: 11908000 | D28: City (sub-provincial) | E28: 17,494,398 | F28: 2,050 | G28: 8,534[17] | H28: 17,619,000 | I28: 1,803 | J28: 9,772 | K28: — | L28: — | M28: —
A29: Lahore | B29: Pakistan | C29: 11738000 | D29: Metropolitan city | E29: 13,004,135 | F29: 1,772 | G29: 7,339[52] | H29: 12,306,000 | I29: 945 | J29: 13,022 | K29: — | L29: — | M29: —
A30: Bangalore | B30: India | C30: 11440000 | D30: Municipal corporation | E30: 8,443,675 | F30: 709 | G30: 11,909[53] | H30: 15,386,000 | I30: 1,401 | J30: 10,982 | K30: — | L30: — | M30: —
A31: Paris | B31: France | C31: 10901000 | D31: Commune | E31: 2,148,271 | F31: 105 | G31: 20,460[54] | H31: 11,060,000 | I31: 2,853 | J31: 3,877 | K31: 12,244,807 | L31: 18,941 | M31: 646
A32: Bogotá | B32: Colombia | C32: 10574000 | D32: Capital District | E32: 7,963,000 | F32: 1,587 | G32: 5,018[55] | H32: 10,085,000 | I32: 562 | J32: 17,945 | K32: 12,545,272 | L32: 5,934 | M32: 2,114[56]
A33: Jakarta | B33: Indonesia | C33: 10517000 | D33: Special region | E33: 10,154,134 | F33: 664 | G33: 15,292[57] | H33: 33,756,000 | I33: 3,546 | J33: 9,519[n] | K33: 33,430,285 | L33: 7,063 | M33: 4,733[58]
... A83: Guadalajara | B83: Mexico | C83: 5023000 | D83: Municipality | E83: 1,385,621 | F83: 151 | G83: 9,176[21] | H83: 5,525,000 | I83: 816 | J83: 6,771 | K83: 5,286,642 | L83: 3,560 | M83: 1,485

Sheet Sheet6

Sheet Sheet3
A1: Product1 | B1: Product2 | C1: Product3 | D1: Product4 | E1: Product5
A2: 2000 | B2: 101 | C2: 102 | D2: 103 | E2: 104
A3: 101 | B3: 102 | C3: 203 | D3: 104 | E3: 105
A4: 102 | B4: 103 | C4: 204 | D4: 105 | E4: 106
A5: 103 | B5: 104 | C5: 105 | D5: 106 | E5: 107
A6: 104 | B6: 105 | C6: 106 | D6: 107 | E6: 108
A7: 105 | B7: 106 | C7: 107 | D7: 108 | E7: 109
A8: 100 | B8: 101 | C8: 102 | D8: 103 | E8: 104
A9: 101 | B9: 102 | C9: 103 | D9: 104 | E9: 105
A10: 102 | B10: 103 | C10: 104 | D10: 105 | E10: 106
A11: 103 | B11: 104 | C11: 105 | D11: 106 | E11: 107
A12: 104 | B12: 105 | C12: 106 | D12: 107 | E12: 108
A13: 105 | B13: 106 | C13: 107 | D13: 108 | E13: 109
... A19: 105 | B19: 106 | C19: 107 | D19: 108 | E19: 109

Sheet Sheet4
A1: Product1 | B1: Product2 | C1: Product3 | D1: Product4 | E1: Product5 | H1: Product5 | I1: Product4 | J1: Product3 | K1: Product2 | L1: Product1
H2: =Sheet1!$E$2 -> 104 | I2: =Sheet1!$D$2 -> 103 | J2: =Sheet1!$C$2 -> 102 | K2: =Sheet1!$B$2 -> 101 | L2: =Sheet1!$A$2 -> 1000
H3: =Sheet2!$E$2 -> 104 | I3: =Sheet2!$D$2 -> 103 | J3: =Sheet2!$C$2 -> 102 | K3: =Sheet2!$B$2 -> 101 | L3: =Sheet2!$A$2 -> 100
H4: =Sheet3!$E$2 -> 104 | I4: =Sheet3!$D$2 -> 103 | J4: =Sheet3!$C$2 -> 102 | K4: =Sheet3!$B$2 -> 101 | L4: =Sheet3!$A$2 -> 2000
A5: 100 | B5: 101 | C5: 102 | D5: 103 | E5: 104 | F5: =SUM(A5:E5) -> 510 | H5: =SUM(H2:H4) -> 312 | I5: =SUM(I2:I4) -> 309 | J5: =SUM(J2:J4) -> 306 | K5: =SUM(K2:K4) -> 303 | L5: =SUM(L2:L4) -> 3100
H6: =Sheet1!$E$3 -> 105 | I6: =Sheet1!$D$3 -> 104 | J6: =Sheet1!$C$3 -> 103 | K6: =Sheet1!$B$3 -> 102 | L6: =Sheet1!$A$3 -> 101
H7: =Sheet2!$E$3 -> 105 | I7: =Sheet2!$D$3 -> 104 | J7: =Sheet2!$C$3 -> 103 | K7: =Sheet2!$B$3 -> 102 | L7: =Sheet2!$A$3 -> 101
H8: =Sheet3!$E$3 -> 105 | I8: =Sheet3!$D$3 -> 104 | J8: =Sheet3!$C$3 -> 203 | K8: =Sheet3!$B$3 -> 102 | L8: =Sheet3!$A$3 -> 101
A9: 101 | B9: 102 | C9: 203 | D9: 104 | E9: 105 | F9: =SUM(A9:E9) -> 615 | H9: =SUM(H6:H8) -> 315 | I9: =SUM(I6:I8) -> 312 | J9: =SUM(J6:J8) -> 409 | K9: =SUM(K6:K8) -> 306 | L9: =SUM(L6:L8) -> 303
H10: =Sheet1!$E$4 -> 106 | I10: =Sheet1!$D$4 -> 105 | J10: =Sheet1!$C$4 -> 104 | K10: =Sheet1!$B$4 -> 103 | L10: =Sheet1!$A$4 -> 102
H11: =Sheet2!$E$4 -> 106 | I11: =Sheet2!$D$4 -> 105 | J11: =Sheet2!$C$4 -> 104 | K11: =Sheet2!$B$4 -> 103 | L11: =Sheet2!$A$4 -> 102
H12: =Sheet3!$E$4 -> 106 | I12: =Sheet3!$D$4 -> 105 | J12: =Sheet3!$C$4 -> 204 | K12: =Sheet3!$B$4 -> 103 | L12: =Sheet3!$A$4 -> 102
A13: 102 | B13: 103 | C13: 204 | D13: 105 | E13: 106 | F13: =SUM(A13:E13) -> 620 | H13: =SUM(H10:H12) -> 318 | I13: =SUM(I10:I12) -> 315 | J13: =SUM(J10:J12) -> 412 | K13: =SUM(K10:K12) -> 309 | L13: =SUM(L10:L12) -> 306
H14: =Sheet1!$E$5 -> 107 | I14: =Sheet1!$D$5 -> 106 | J14: =Sheet1!$C$5 -> 105 | K14: =Sheet1!$B$5 -> 104 | L14: =Sheet1!$A$5 -> 103
H15: =Sheet2!$E$5 -> 107 | I15: =Sheet2!$D$5 -> 106 | J15: =Sheet2!$C$5 -> 105 | K15: =Sheet2!$B$5 -> 104 | L15: =Sheet2!$A$5 -> 103
H16: =Sheet3!$E$5 -> 107 | I16: =Sheet3!$D$5 -> 106 | J16: =Sheet3!$C$5 -> 105 | K16: =Sheet3!$B$5 -> 104 | L16: =Sheet3!$A$5 -> 103
A17: 103 | B17: 104 | C17: 105 | D17: 106 | E17: 107 | F17: =SUM(A17:E17) -> 525 | H17: =SUM(H14:H16) -> 321 | I17: =SUM(I14:I16) -> 318 | J17: =SUM(J14:J16) -> 315 | K17: =SUM(K14:K16) -> 312 | L17: =SUM(L14:L16) -> 309
H18: =Sheet1!$E$6 -> 108 | I18: =Sheet1!$D$6 -> 107 | J18: =Sheet1!$C$6 -> 106 | K18: =Sheet1!$B$6 -> 105 | L18: =Sheet1!$A$6 -> 104
H19: =Sheet2!$E$6 -> 108 | I19: =Sheet2!$D$6 -> 107 | J19: =Sheet2!$C$6 -> 106 | K19: =Sheet2!$B$6 -> 105 | L19: =Sheet2!$A$6 -> 104
H20: =Sheet3!$E$6 -> 108 | I20: =Sheet3!$D$6 -> 107 | J20: =Sheet3!$C$6 -> 106 | K20: =Sheet3!$B$6 -> 105 | L20: =Sheet3!$A$6 -> 104
A21: 104 | B21: 105 | C21: 106 | D21: 107 | E21: 108 | F21: =SUM(A21:E21) -> 530 | H21: =SUM(H18:H20) -> 324 | I21: =SUM(I18:I20) -> 321 | J21: =SUM(J18:J20) -> 318 | K21: =SUM(K18:K20) -> 315 | L21: =SUM(L18:L20) -> 312
H22: =Sheet1!$E$7 -> 109 | I22: =Sheet1!$D$7 -> 108 | J22: =Sheet1!$C$7 -> 107 | K22: =Sheet1!$B$7 -> 106 | L22: =Sheet1!$A$7 -> 105
H23: =Sheet2!$E$7 -> 109 | I23: =Sheet2!$D$7 -> 108 | J23: =Sheet2!$C$7 -> 107 | K23: =Sheet2!$B$7 -> 106 | L23: =Sheet2!$A$7 -> 105
H24: =Sheet3!$E$7 -> 109 | I24: =Sheet3!$D$7 -> 108 | J24: =Sheet3!$C$7 -> 107 | K24: =Sheet3!$B$7 -> 106 | L24: =Sheet3!$A$7 -> 105
A25: 105 | B25: 106 | C25: 107 | D25: 108 | E25: 109 | F25: =SUM(A25:E25) -> 535 | H25: =SUM(H22:H24) -> 327 | I25: =SUM(I22:I24) -> 324 | J25: =SUM(J22:J24) -> 321 | K25: =SUM(K22:K24) -> 318 | L25: =SUM(L22:L24) -> 315
A29: 100 | B29: 101 | C29: 102 | D29: 103 | E29: 104 | F29: =SUM(A29:E29) -> 510
A33: 101 | B33: 102 | C33: 103 | D33: 104 | E33: 105 | F33: =SUM(A33:E33) -> 515
A37: 102 | B37: 103 | C37: 104 | D37: 105 | E37: 106 | F37: =SUM(A37:E37) -> 520
A41: 103 | B41: 104 | C41: 105 | D41: 106 | E41: 107 | F41: =SUM(A41:E41) -> 525
A45: 104 | B45: 105 | C45: 106 | D45: 107 | E45: 108 | F45: =SUM(A45:E45) -> 530
A49: 105 | B49: 106 | C49: 107 | D49: 108 | E49: 109 | F49: =SUM(A49:E49) -> 535
A50: 100 | B50: 101 | C50: 102 | D50: 103 | E50: 104 | F50: =SUM(A50:E50) -> 510
A51: 101 | B51: 102 | C51: 103 | D51: 104 | E51: 105 | F51: =SUM(A51:E51) -> 515
F52: =SUM(A52:E52) -> 0
F53: =SUM(A53:E53) -> 0
F54: =SUM(A54:E54) -> 0
F55: =SUM(A55:E55) -> 0
F56: =SUM(E5:E55) -> 1487
